product_id,product_group,product_category,product_type,product,product_description,unit_of_measure,current_wholesale_price,current_retail_price,tax_exempt_yn,promo_yn,new_product_yn,attribute,all_attr
1,Whole Bean/Teas,Coffee beans,"['Organic', 'Beans']",brazilian - organic,It's like Carnival in a cup. Clean and smooth.,12 oz,14.4,$18.00 ,Y,N,N,"['Whole Bean/Teas', 'Coffee beans']","Whole Bean/Teas, Coffee beans, Organic, Beans"
2,Whole Bean/Teas,Coffee beans,"['House', 'blend', 'Beans']",our old time diner blend,Out packed blend of beans that is reminiscent of the cup of coffee you used to get at a diner. ,12 oz,14.4,$18.00 ,Y,N,N,"['Whole Bean/Teas', 'Coffee beans']","Whole Bean/Teas, Coffee beans, House, blend, Beans"
3,Whole Bean/Teas,Coffee beans,"['Espresso', 'Beans']",espresso roast,Our house blend for a good espresso shot.,1 lb,11.8,$14.75 ,Y,N,N,"['Whole Bean/Teas', 'Coffee beans']","Whole Bean/Teas, Coffee beans, Espresso, Beans"
4,Whole Bean/Teas,Coffee beans,"['Espresso', 'Beans']",primo espresso roast,Our primium single source of hand roasted beans.,1 lb,16.36,$20.45 ,Y,N,N,"['Whole Bean/Teas', 'Coffee beans']","Whole Bean/Teas, Coffee beans, Espresso, Beans"
5,Whole Bean/Teas,Coffee beans,"['Gourmet', 'Beans']",columbian medium roast,A smooth cup of coffee any time of day. ,1 lb,12.0,$15.00 ,Y,N,N,"['Whole Bean/Teas', 'Coffee beans']","Whole Bean/Teas, Coffee beans, Gourmet, Beans"
6,Whole Bean/Teas,Coffee beans,"['Gourmet', 'Beans']",ethiopia,From the home of coffee.,1 lb,16.8,$21.00 ,Y,N,N,"['Whole Bean/Teas', 'Coffee beans']","Whole Bean/Teas, Coffee beans, Gourmet, Beans"
7,Whole Bean/Teas,Coffee beans,"['Premium', 'Beans']",jamacian coffee river,"Ya man, it will start your day off right. ",1 lb,15.8,$19.75 ,Y,N,N,"['Whole Bean/Teas', 'Coffee beans']","Whole Bean/Teas, Coffee beans, Premium, Beans"
8,Whole Bean/Teas,Coffee beans,"['Premium', 'Beans']",civet cat,"The most expensive coffee in the world, the cats do all the work. ",.5 lb,36.0,$45.00 ,Y,N,N,"['Whole Bean/Teas', 'Coffee beans']","Whole Bean/Teas, Coffee beans, Premium, Beans"
9,Whole Bean/Teas,Coffee beans,"['Organic', 'Beans']",organic decaf blend,Our blend of hand picked organic beans that have been naturally decaffinated. ,1 lb,18.0,$22.50 ,Y,N,N,"['Whole Bean/Teas', 'Coffee beans']","Whole Bean/Teas, Coffee beans, Organic, Beans"
10,Whole Bean/Teas,Coffee beans,"['Green', 'beans']",guatemalan sustainably grown,Green beans you can roast yourself. ,1 lb,8.0,$10.00 ,Y,N,N,"['Whole Bean/Teas', 'Coffee beans']","Whole Bean/Teas, Coffee beans, Green, beans"
11,Whole Bean/Teas,Loose Tea,"['Herbal', 'tea']",lemon grass,You will think you are Thailand as you sip your cuppa. ,.9 oz,7.16,$8.95 ,Y,N,N,"['Whole Bean/Teas', 'Loose Tea']","Whole Bean/Teas, Loose Tea, Herbal, tea"
12,Whole Bean/Teas,Loose Tea,"['Herbal', 'tea']",peppermint,Cool and refreshing to help calm your nerves. ,.9 oz,7.16,$8.95 ,Y,N,N,"['Whole Bean/Teas', 'Loose Tea']","Whole Bean/Teas, Loose Tea, Herbal, tea"
13,Whole Bean/Teas,Loose Tea,"['Black', 'tea']",english breakfast,The traditional cup to start your day.,.9 oz,7.16,$8.95 ,Y,N,N,"['Whole Bean/Teas', 'Loose Tea']","Whole Bean/Teas, Loose Tea, Black, tea"
14,Whole Bean/Teas,Loose Tea,"['Black', 'tea']",earl grey,A full leaf of Orange Pekoe blended with organic oil of bergamot.,.9 oz,7.16,$8.95 ,Y,N,N,"['Whole Bean/Teas', 'Loose Tea']","Whole Bean/Teas, Loose Tea, Black, tea"
15,Whole Bean/Teas,Loose Tea,"['Green', 'tea']",serenity green tea,Mountain grown and harvested at the optimal time. ,1 oz,7.4,$9.25 ,Y,N,N,"['Whole Bean/Teas', 'Loose Tea']","Whole Bean/Teas, Loose Tea, Green, tea"
16,Whole Bean/Teas,Loose Tea,"['Chai', 'tea']",traditional blend chai,A traditional blend.,.9 oz,7.16,$8.95 ,Y,N,N,"['Whole Bean/Teas', 'Loose Tea']","Whole Bean/Teas, Loose Tea, Chai, tea"
17,Whole Bean/Teas,Loose Tea,"['Chai', 'tea']",morning sunrise chai,Fair trade and organic and has a warm finish. ,.9 oz,7.6,$9.50 ,Y,N,N,"['Whole Bean/Teas', 'Loose Tea']","Whole Bean/Teas, Loose Tea, Chai, tea"
18,Whole Bean/Teas,Loose Tea,"['Chai', 'tea']",spicy eye opener chai,A spicier blend to awaken your taste buds.,.9 oz,8.76,$10.95 ,Y,N,N,"['Whole Bean/Teas', 'Loose Tea']","Whole Bean/Teas, Loose Tea, Chai, tea"
19,Whole Bean/Teas,Packaged Chocolate,"['Drinking', 'Chocolate']",dark chocolate,This drinking chocolate is smooth and creamy.,1 lb,5.12,$6.40 ,Y,N,N,"['Whole Bean/Teas', 'Packaged Chocolate']","Whole Bean/Teas, Packaged Chocolate, Drinking, Chocolate"
20,Whole Bean/Teas,Packaged Chocolate,"['Organic', 'Chocolate']",sustainably grown organic,Certified organic containing the highest quality ingredients. ,1 lb,6.08,$7.60 ,Y,N,N,"['Whole Bean/Teas', 'Packaged Chocolate']","Whole Bean/Teas, Packaged Chocolate, Organic, Chocolate"
21,Whole Bean/Teas,Packaged Chocolate,"['Drinking', 'Chocolate']",chili mayan,"Fragrant with spices, this is the most flavourful drinking chocolate you will find.",1 lb,10.66,$13.33 ,Y,N,N,"['Whole Bean/Teas', 'Packaged Chocolate']","Whole Bean/Teas, Packaged Chocolate, Drinking, Chocolate"
22,Beverages,Coffee,"['Drip', 'coffee']",our old time diner blend sm,An honest cup a coffee.,8 oz,0.4,$2.00 ,Y,N,N,"['Beverages', 'Coffee']","Beverages, Coffee, Drip, coffee"
23,Beverages,Coffee,"['Drip', 'coffee']",our old time diner blend rg,An honest cup a coffee.,16 oz,0.5,$2.50 ,Y,N,N,"['Beverages', 'Coffee']","Beverages, Coffee, Drip, coffee"
24,Beverages,Coffee,"['Drip', 'coffee']",our old time diner blend lg,An honest cup a coffee.,24 oz,0.6,$3.00 ,Y,N,N,"['Beverages', 'Coffee']","Beverages, Coffee, Drip, coffee"
25,Beverages,Coffee,"['Organic', 'brewed', 'coffee']",brazilian sm,It's like Carnival in a cup. Clean and smooth.,8 oz,0.44,$2.20 ,Y,N,N,"['Beverages', 'Coffee']","Beverages, Coffee, Organic, brewed, coffee"
26,Beverages,Coffee,"['Organic', 'brewed', 'coffee']",brazilian rg,It's like Carnival in a cup. Clean and smooth.,16 oz,0.6,$3.00 ,Y,N,N,"['Beverages', 'Coffee']","Beverages, Coffee, Organic, brewed, coffee"
27,Beverages,Coffee,"['Organic', 'brewed', 'coffee']",brazilian lg,It's like Carnival in a cup. Clean and smooth.,24 oz,0.7,$3.50 ,Y,N,N,"['Beverages', 'Coffee']","Beverages, Coffee, Organic, brewed, coffee"
28,Beverages,Coffee,"['Gourmet', 'brewed', 'coffee']",columbian medium roast sm,A smooth cup of coffee any time of day. ,8 oz,0.4,$2.00 ,Y,N,N,"['Beverages', 'Coffee']","Beverages, Coffee, Gourmet, brewed, coffee"
29,Beverages,Coffee,"['Gourmet', 'brewed', 'coffee']",columbian medium roast rg,A smooth cup of coffee any time of day. ,16 oz,0.5,$2.50 ,Y,N,N,"['Beverages', 'Coffee']","Beverages, Coffee, Gourmet, brewed, coffee"
30,Beverages,Coffee,"['Gourmet', 'brewed', 'coffee']",columbian medium roast lg,A smooth cup of coffee any time of day. ,24 oz,0.6,$3.00 ,Y,N,N,"['Beverages', 'Coffee']","Beverages, Coffee, Gourmet, brewed, coffee"
31,Beverages,Coffee,"['Gourmet', 'brewed', 'coffee']",ethiopia sm,A bold cup when you want that something extra.,8 oz,0.44,$2.20 ,Y,N,N,"['Beverages', 'Coffee']","Beverages, Coffee, Gourmet, brewed, coffee"
32,Beverages,Coffee,"['Gourmet', 'brewed', 'coffee']",ethiopia rg,A bold cup when you want that something extra.,16 oz,0.6,$3.00 ,Y,N,N,"['Beverages', 'Coffee']","Beverages, Coffee, Gourmet, brewed, coffee"
33,Beverages,Coffee,"['Gourmet', 'brewed', 'coffee']",ethiopia lg,A bold cup when you want that something extra.,24 oz,0.7,$3.50 ,Y,N,N,"['Beverages', 'Coffee']","Beverages, Coffee, Gourmet, brewed, coffee"
34,Beverages,Coffee,"['Premium', 'brewed', 'coffee']",jamaican coffee river sm,Still a front runner for good premium coffee. ,8 oz,0.49,$2.45 ,Y,N,N,"['Beverages', 'Coffee']","Beverages, Coffee, Premium, brewed, coffee"
35,Beverages,Coffee,"['Premium', 'brewed', 'coffee']",jamaican coffee river rg,Still a front runner for good premium coffee. ,16 oz,0.62,$3.10 ,Y,N,N,"['Beverages', 'Coffee']","Beverages, Coffee, Premium, brewed, coffee"
36,Beverages,Coffee,"['Premium', 'brewed', 'coffee']",jamaican coffee river lg,Still a front runner for good premium coffee. ,24 oz,0.75,$3.75 ,Y,N,N,"['Beverages', 'Coffee']","Beverages, Coffee, Premium, brewed, coffee"
37,Beverages,Coffee,"['Barista', 'Espresso']",espresso shot,You will think you are in Venice when you sip this one. ,1.5 oz,0.6,$3.00 ,Y,N,N,"['Beverages', 'Coffee']","Beverages, Coffee, Barista, Espresso"
38,Beverages,Coffee,"['Barista', 'Espresso']",latte,You will think you are in Venice when you sip this one. ,1.5 oz,0.75,$3.75 ,Y,N,N,"['Beverages', 'Coffee']","Beverages, Coffee, Barista, Espresso"
39,Beverages,Coffee,"['Barista', 'Espresso']",latte rg,You will think you are in Venice when you sip this one. ,3.0 oz,0.85,$4.25 ,Y,N,N,"['Beverages', 'Coffee']","Beverages, Coffee, Barista, Espresso"
40,Beverages,Coffee,"['Barista', 'Espresso']",cappuccino,You will think you are in Venice when you sip this one. ,1.5 oz,0.75,$3.75 ,Y,N,N,"['Beverages', 'Coffee']","Beverages, Coffee, Barista, Espresso"
41,Beverages,Coffee,"['Barista', 'Espresso']",cappuccino lg,You will think you are in Venice when you sip this one. ,3.0 oz,0.85,$4.25 ,Y,N,N,"['Beverages', 'Coffee']","Beverages, Coffee, Barista, Espresso"
42,Beverages,Tea,"['Brewed', 'herbal', 'tea']",lemon grass rg,You will think you are in Thailand. ,16 oz,0.63,$2.50 ,Y,N,N,"['Beverages', 'Tea']","Beverages, Tea, Brewed, herbal, tea"
43,Beverages,Tea,"['Brewed', 'herbal', 'tea']",lemon grass lg,You will think you are in Thailand. ,24 oz,0.75,$3.00 ,Y,N,N,"['Beverages', 'Tea']","Beverages, Tea, Brewed, herbal, tea"
44,Beverages,Tea,"['Brewed', 'herbal', 'tea']",peppermint rg,A cool and refreshing cup.,16 oz,0.63,$2.50 ,Y,N,N,"['Beverages', 'Tea']","Beverages, Tea, Brewed, herbal, tea"
45,Beverages,Tea,"['Brewed', 'herbal', 'tea']",peppermint lg,A cool and refreshing cup.,24 oz,0.75,$3.00 ,Y,N,N,"['Beverages', 'Tea']","Beverages, Tea, Brewed, herbal, tea"
46,Beverages,Tea,"['Brewed', 'Green', 'tea']",serenity green tea rg,Feel the stress leaving your body. ,16 oz,0.63,$2.50 ,Y,N,N,"['Beverages', 'Tea']","Beverages, Tea, Brewed, Green, tea"
47,Beverages,Tea,"['Brewed', 'Green', 'tea']",serenity green tea lg,Feel the stress leaving your body. ,24 oz,0.75,$3.00 ,Y,N,N,"['Beverages', 'Tea']","Beverages, Tea, Brewed, Green, tea"
48,Beverages,Tea,"['Brewed', 'Black', 'tea']",english breakfast rg,The Queen's favourite cuppa in the morning. ,16 oz,0.63,$2.50 ,Y,N,N,"['Beverages', 'Tea']","Beverages, Tea, Brewed, Black, tea"
49,Beverages,Tea,"['Brewed', 'Black', 'tea']",english breakfast lg,The Queen's favourite cuppa in the morning. ,24 oz,0.75,$3.00 ,Y,N,N,"['Beverages', 'Tea']","Beverages, Tea, Brewed, Black, tea"
50,Beverages,Tea,"['Brewed', 'Black', 'tea']",earl grey rg,Tradition in a cup.,16 oz,0.63,$2.50 ,Y,N,N,"['Beverages', 'Tea']","Beverages, Tea, Brewed, Black, tea"
51,Beverages,Tea,"['Brewed', 'Black', 'tea']",earl grey lg,Tradition in a cup.,24 oz,0.75,$3.00 ,Y,N,N,"['Beverages', 'Tea']","Beverages, Tea, Brewed, Black, tea"
52,Beverages,Tea,"['Brewed', 'Chai', 'tea']",traditional blend chai rg,Sit back and think of the tropical breezes.,16 oz,0.63,$2.50 ,Y,N,N,"['Beverages', 'Tea']","Beverages, Tea, Brewed, Chai, tea"
53,Beverages,Tea,"['Brewed', 'Chai', 'tea']",traditional blend chai lg,Sit back and think of the tropical breezes.,24 oz,0.75,$3.00 ,Y,N,N,"['Beverages', 'Tea']","Beverages, Tea, Brewed, Chai, tea"
54,Beverages,Tea,"['Brewed', 'Chai', 'tea']",morning sunrise chai rg,Face the morning after your yoga routine. ,16 oz,0.63,$2.50 ,Y,N,N,"['Beverages', 'Tea']","Beverages, Tea, Brewed, Chai, tea"
55,Beverages,Tea,"['Brewed', 'Chai', 'tea']",morning sunrise chai lg,Face the morning after your yoga routine. ,24 oz,1.0,$4.00 ,Y,N,N,"['Beverages', 'Tea']","Beverages, Tea, Brewed, Chai, tea"
56,Beverages,Tea,"['Brewed', 'Chai', 'tea']",spicy eye opener chai rg,When you need your eyes opened wide.,16 oz,0.64,$2.55 ,Y,N,N,"['Beverages', 'Tea']","Beverages, Tea, Brewed, Chai, tea"
57,Beverages,Tea,"['Brewed', 'Chai', 'tea']",spicy eye opener chai lg,When you need your eyes opened wide.,24 oz,0.78,$3.10 ,Y,N,N,"['Beverages', 'Tea']","Beverages, Tea, Brewed, Chai, tea"
58,Beverages,Drinking Chocolate,"['Hot', 'chocolate']",dark chocolate rg,"Slightly bitter, but still very rich. ",12 oz,2.63,$3.50 ,Y,N,N,"['Beverages', 'Drinking Chocolate']","Beverages, Drinking Chocolate, Hot, chocolate"
59,Beverages,Drinking Chocolate,"['Hot', 'chocolate']",dark chocolate lg,"Slightly bitter, but still very rich. ",16 oz,3.38,$4.50 ,Y,N,N,"['Beverages', 'Drinking Chocolate']","Beverages, Drinking Chocolate, Hot, chocolate"
60,Beverages,Drinking Chocolate,"['Hot', 'chocolate']",sustainably grown organic rg,Just pure notes of spice.,12 oz,2.81,$3.75 ,Y,N,N,"['Beverages', 'Drinking Chocolate']","Beverages, Drinking Chocolate, Hot, chocolate"
61,Beverages,Drinking Chocolate,"['Hot', 'chocolate']",sustainably grown organic lg,Just pure notes of spice.,16 oz,3.56,$4.75 ,Y,N,N,"['Beverages', 'Drinking Chocolate']","Beverages, Drinking Chocolate, Hot, chocolate"
62,Beverages,Drinking Chocolate,"['Hot', 'chocolate']",snow day hot chocolate,Added marshmallows for the needed sugar rush.,8 oz,2.25,$3.00 ,Y,N,N,"['Beverages', 'Drinking Chocolate']","Beverages, Drinking Chocolate, Hot, chocolate"
63,Add-ons,Flavours,"['Regular', 'syrup']",carmel syrup,Rich carmel taste,pump,0.04,$0.80 ,Y,N,N,"['Add-ons', 'Flavours']","Add-ons, Flavours, Regular, syrup"
64,Add-ons,Flavours,"['Regular', 'syrup']",hazelnut syrup,Bursting with nutty flavour,pump,0.04,$0.80 ,Y,N,N,"['Add-ons', 'Flavours']","Add-ons, Flavours, Regular, syrup"
65,Add-ons,Flavours,"['Sugar', 'free', 'syrup']",sugar free vanilla syrup,Our favorite,pump,0.04,$0.80 ,Y,N,N,"['Add-ons', 'Flavours']","Add-ons, Flavours, Sugar, free, syrup"
66,Beverages,Coffee,"['Seasonal', 'drink']",pumpkin spice latte,"Boo, its that time of year again",1.5 oz,0.99,$4.95 ,Y,N,N,"['Beverages', 'Coffee']","Beverages, Coffee, Seasonal, drink"
67,Beverages,Coffee,"['Seasonal', 'drink']",pumpkin spice latte lg,"Boo, its that time of year again",3.0 oz,1.19,$5.95 ,Y,Y,N,"['Beverages', 'Coffee']","Beverages, Coffee, Seasonal, drink"
68,Beverages,Drinking Chocolate,"['Seasonal', 'drink']",happy holidays hot chocolate,"Candy cane and hot chocolate, perfect.",8 oz,2.81,$3.75 ,Y,Y,Y,"['Beverages', 'Drinking Chocolate']","Beverages, Drinking Chocolate, Seasonal, drink"
75,Food,Bakery,['Pastry'],croissant,Flakey and buttery,single,2.11,$3.25 ,N,N,N,"['Food', 'Bakery']","Food, Bakery, Pastry"
70,Food,Bakery,['Scone'],cranberry scone,Like Grandma used to make,single,2.11,$3.25 ,N,N,N,"['Food', 'Bakery']","Food, Bakery, Scone"
71,Food,Bakery,['Pastry'],chocolate croissant,Chocolate flakes,single,2.44,$3.75 ,N,N,N,"['Food', 'Bakery']","Food, Bakery, Pastry"
72,Food,Bakery,['Scone'],ginger scone,Little bit of spice,single,2.11,$3.25 ,N,N,N,"['Food', 'Bakery']","Food, Bakery, Scone"
73,Food,Bakery,['Pastry'],almond croissant,Crunch!,single,2.44,$3.75 ,N,N,N,"['Food', 'Bakery']","Food, Bakery, Pastry"
74,Food,Bakery,['Biscotti'],ginger biscotti,Crunch!,single,2.28,$3.50 ,N,N,N,"['Food', 'Bakery']","Food, Bakery, Biscotti"
69,Food,Bakery,['Biscotti'],hazelnut biscotti,Crunch!,single,2.28,$3.50 ,N,N,N,"['Food', 'Bakery']","Food, Bakery, Biscotti"
76,Food,Bakery,['Biscotti'],chocolate chip biscotti,Crunch!,single,2.28,$3.50 ,N,N,N,"['Food', 'Bakery']","Food, Bakery, Biscotti"
77,Food,Bakery,['Scone'],oatmeal scone,Grannys fav,single,1.95,$3.00 ,N,N,N,"['Food', 'Bakery']","Food, Bakery, Scone"
78,Food,Bakery,['Scone'],scottish cream scone ,Old time comfort,single,2.93,$4.50 ,N,N,N,"['Food', 'Bakery']","Food, Bakery, Scone"
79,Food,Bakery,['Scone'],jumbo savory scone,"Anytime, anywhere",single,2.44,$3.75 ,N,N,N,"['Food', 'Bakery']","Food, Bakery, Scone"
80,Merchandise,Branded,['Clothing'],i need my bean! toque,keep your head bean warm,single,7.36,$23.00 ,N,N,N,"['Merchandise', 'Branded']","Merchandise, Branded, Clothing"
81,Merchandise,Branded,['Clothing'],i need my bean! t-shirt,Stylish chic,single,8.96,$28.00 ,N,N,N,"['Merchandise', 'Branded']","Merchandise, Branded, Clothing"
82,Merchandise,Branded,['Housewares'],i need my bean! diner mug,Classic,single,3.84,$12.00 ,N,N,N,"['Merchandise', 'Branded']","Merchandise, Branded, Housewares"
83,Merchandise,Branded,['Housewares'],i need my bean! latte cup,The cup and saucer set is the perfect way to enjoy your latte at home,single,4.48,$14.00 ,N,N,N,"['Merchandise', 'Branded']","Merchandise, Branded, Housewares"
84,Add-ons,Flavours,"['Regular', 'syrup']",chocolate syrup,Bursting with chocolate flavour,pump,0.04,$0.80 ,Y,N,N,"['Add-ons', 'Flavours']","Add-ons, Flavours, Regular, syrup"
85,Beverages,Coffee,"['Specialty', 'coffee']",rio nights,2 shots of Ouro Brasilerio and pure cane sugar syrup,6 oz,1.2,$6.00 ,Y,N,Y,"['Beverages', 'Coffee']","Beverages, Coffee, Specialty, coffee"
87,Beverages,Coffee,"['Barista', 'Espresso']",ouro brasileiro shot,From Rio,1.5 oz,0.6,$3.00 ,Y,N,N,"['Beverages', 'Coffee']","Beverages, Coffee, Barista, Espresso"
88,Beverages,Coffee,"['Barista', 'Espresso']",ouro brasileiro shot promo,Ouro promo,16 oz,0.42,$2.10 ,Y,Y,N,"['Beverages', 'Coffee']","Beverages, Coffee, Barista, Espresso"
89,Food,Bakery,['Scone'],ginger scone promo,Little bit of spice,single,1.72,$2.65 ,N,Y,N,"['Food', 'Bakery']","Food, Bakery, Scone"
